Workbook

Sheet All Stores
A1: PetHaven - stock across all stores as at 3 Oct 2026 16:10 (Sydney)
A2: Source: pethaven_demo database, view dw.rpt_current_stock_by_store (website numbers: dw.rpt_online_vs_actual), extracted 3 Oct 2026 16:10 (Sydney)
A4: Product code | B4: Product | C4: Category | D4: Parramatta in store | E4: Bondi in store | F4: Chatswood in store | G4: Newtown in store | H4: Penrith in store | I4: Total in store | J4: Total reserved | K4: Total on hand | L4: Website shows | M4: Website minus real | N4: Website status
A5: P001 | B5: Adult Dry Dog Food Chicken 3kg | C5: Food | D5: =INDEX(Parramatta!$E$5:$E$22,MATCH($A5,Parramatta!$A$5:$A$22,0)) -> 37 | E5: =INDEX(Bondi!$E$5:$E$22,MATCH($A5,Bondi!$A$5:$A$22,0)) -> 27 | F5: =INDEX(Chatswood!$E$5:$E$22,MATCH($A5,Chatswood!$A$5:$A$22,0)) -> 53 | G5: =INDEX(Newtown!$E$5:$E$22,MATCH($A5,Newtown!$A$5:$A$22,0)) -> 20 | H5: =INDEX(Penrith!$E$5:$E$22,MATCH($A5,Penrith!$A$5:$A$22,0)) -> 46 | I5: =SUM(D5:H5) -> 183 | J5: =INDEX(Parramatta!$F$5:$F$22,MATCH($A5,Parramatta!$A$5:$A$22,0))+INDEX(Bondi!$F$5:$F$22,MATCH($A5,Bondi!$A$5:$A$22,0))+INDEX(Chatswood!$F$5:$F$22,MATCH($A5,Chatswood!$A$5:$A$22,0))+INDEX(Newtown!$F$5:$F$22,MATCH($A5,Newtown!$A$5:$A$22,0))+INDEX(Penrith!$F$5:$F$22,MATCH($A5,Penrith!$A$5:$A$22,0)) -> 0 | K5: =I5+J5 -> 183 | L5: 183 | M5: =IF(L5="","",L5-I5) -> 0 | N5: =IF(L5="","not sold online",IF(M5>0,"overstated - oversell risk",IF(M5<0,"understated","in sync"))) -> in sync
A6: P002 | B6: Puppy Dry Dog Food Lamb 3kg | C6: Food | D6: =INDEX(Parramatta!$E$5:$E$22,MATCH($A6,Parramatta!$A$5:$A$22,0)) -> 14 | E6: =INDEX(Bondi!$E$5:$E$22,MATCH($A6,Bondi!$A$5:$A$22,0)) -> 12 | F6: =INDEX(Chatswood!$E$5:$E$22,MATCH($A6,Chatswood!$A$5:$A$22,0)) -> 20 | G6: =INDEX(Newtown!$E$5:$E$22,MATCH($A6,Newtown!$A$5:$A$22,0)) -> 20 | H6: =INDEX(Penrith!$E$5:$E$22,MATCH($A6,Penrith!$A$5:$A$22,0)) -> 23 | I6: =SUM(D6:H6) -> 89 | J6: =INDEX(Parramatta!$F$5:$F$22,MATCH($A6,Parramatta!$A$5:$A$22,0))+INDEX(Bondi!$F$5:$F$22,MATCH($A6,Bondi!$A$5:$A$22,0))+INDEX(Chatswood!$F$5:$F$22,MATCH($A6,Chatswood!$A$5:$A$22,0))+INDEX(Newtown!$F$5:$F$22,MATCH($A6,Newtown!$A$5:$A$22,0))+INDEX(Penrith!$F$5:$F$22,MATCH($A6,Penrith!$A$5:$A$22,0)) -> 0 | K6: =I6+J6 -> 89 | L6: 89 | M6: =IF(L6="","",L6-I6) -> 0 | N6: =IF(L6="","not sold online",IF(M6>0,"overstated - oversell risk",IF(M6<0,"understated","in sync"))) -> in sync
A7: P003 | B7: Wet Cat Food Tuna 12-pack | C7: Food | D7: =INDEX(Parramatta!$E$5:$E$22,MATCH($A7,Parramatta!$A$5:$A$22,0)) -> 33 | E7: =INDEX(Bondi!$E$5:$E$22,MATCH($A7,Bondi!$A$5:$A$22,0)) -> 61 | F7: =INDEX(Chatswood!$E$5:$E$22,MATCH($A7,Chatswood!$A$5:$A$22,0)) -> 30 | G7: =INDEX(Newtown!$E$5:$E$22,MATCH($A7,Newtown!$A$5:$A$22,0)) -> 44 | H7: =INDEX(Penrith!$E$5:$E$22,MATCH($A7,Penrith!$A$5:$A$22,0)) -> 24 | I7: =SUM(D7:H7) -> 192 | J7: =INDEX(Parramatta!$F$5:$F$22,MATCH($A7,Parramatta!$A$5:$A$22,0))+INDEX(Bondi!$F$5:$F$22,MATCH($A7,Bondi!$A$5:$A$22,0))+INDEX(Chatswood!$F$5:$F$22,MATCH($A7,Chatswood!$A$5:$A$22,0))+INDEX(Newtown!$F$5:$F$22,MATCH($A7,Newtown!$A$5:$A$22,0))+INDEX(Penrith!$F$5:$F$22,MATCH($A7,Penrith!$A$5:$A$22,0)) -> 0 | K7: =I7+J7 -> 192 | L7: 192 | M7: =IF(L7="","",L7-I7) -> 0 | N7: =IF(L7="","not sold online",IF(M7>0,"overstated - oversell risk",IF(M7<0,"understated","in sync"))) -> in sync
A8: P004 | B8: Indoor Dry Cat Food 2kg | C8: Food | D8: =INDEX(Parramatta!$E$5:$E$22,MATCH($A8,Parramatta!$A$5:$A$22,0)) -> 18 | E8: =INDEX(Bondi!$E$5:$E$22,MATCH($A8,Bondi!$A$5:$A$22,0)) -> 24 | F8: =INDEX(Chatswood!$E$5:$E$22,MATCH($A8,Chatswood!$A$5:$A$22,0)) -> 16 | G8: =INDEX(Newtown!$E$5:$E$22,MATCH($A8,Newtown!$A$5:$A$22,0)) -> 28 | H8: =INDEX(Penrith!$E$5:$E$22,MATCH($A8,Penrith!$A$5:$A$22,0)) -> 12 | I8: =SUM(D8:H8) -> 98 | J8: =INDEX(Parramatta!$F$5:$F$22,MATCH($A8,Parramatta!$A$5:$A$22,0))+INDEX(Bondi!$F$5:$F$22,MATCH($A8,Bondi!$A$5:$A$22,0))+INDEX(Chatswood!$F$5:$F$22,MATCH($A8,Chatswood!$A$5:$A$22,0))+INDEX(Newtown!$F$5:$F$22,MATCH($A8,Newtown!$A$5:$A$22,0))+INDEX(Penrith!$F$5:$F$22,MATCH($A8,Penrith!$A$5:$A$22,0)) -> 2 | K8: =I8+J8 -> 100 | L8: 98 | M8: =IF(L8="","",L8-I8) -> 0 | N8: =IF(L8="","not sold online",IF(M8>0,"overstated - oversell risk",IF(M8<0,"understated","in sync"))) -> in sync
A9: P005 | B9: Grain-Free Dog Treats 500g | C9: Treats | D9: =INDEX(Parramatta!$E$5:$E$22,MATCH($A9,Parramatta!$A$5:$A$22,0)) -> 57 | E9: =INDEX(Bondi!$E$5:$E$22,MATCH($A9,Bondi!$A$5:$A$22,0)) -> 36 | F9: =INDEX(Chatswood!$E$5:$E$22,MATCH($A9,Chatswood!$A$5:$A$22,0)) -> 44 | G9: =INDEX(Newtown!$E$5:$E$22,MATCH($A9,Newtown!$A$5:$A$22,0)) -> 33 | H9: =INDEX(Penrith!$E$5:$E$22,MATCH($A9,Penrith!$A$5:$A$22,0)) -> 60 | I9: =SUM(D9:H9) -> 230 | J9: =INDEX(Parramatta!$F$5:$F$22,MATCH($A9,Parramatta!$A$5:$A$22,0))+INDEX(Bondi!$F$5:$F$22,MATCH($A9,Bondi!$A$5:$A$22,0))+INDEX(Chatswood!$F$5:$F$22,MATCH($A9,Chatswood!$A$5:$A$22,0))+INDEX(Newtown!$F$5:$F$22,MATCH($A9,Newtown!$A$5:$A$22,0))+INDEX(Penrith!$F$5:$F$22,MATCH($A9,Penrith!$A$5:$A$22,0)) -> 0 | K9: =I9+J9 -> 230 | L9: 230 | M9: =IF(L9="","",L9-I9) -> 0 | N9: =IF(L9="","not sold online",IF(M9>0,"overstated - oversell risk",IF(M9<0,"understated","in sync"))) -> in sync
A10: P006 | B10: Dental Chew Sticks 28-pack | C10: Treats | D10: =INDEX(Parramatta!$E$5:$E$22,MATCH($A10,Parramatta!$A$5:$A$22,0)) -> 29 | E10: =INDEX(Bondi!$E$5:$E$22,MATCH($A10,Bondi!$A$5:$A$22,0)) -> 24 | F10: =INDEX(Chatswood!$E$5:$E$22,MATCH($A10,Chatswood!$A$5:$A$22,0)) -> 29 | G10: =INDEX(Newtown!$E$5:$E$22,MATCH($A10,Newtown!$A$5:$A$22,0)) -> 18 | H10: =INDEX(Penrith!$E$5:$E$22,MATCH($A10,Penrith!$A$5:$A$22,0)) -> 34 | I10: =SUM(D10:H10) -> 134 | J10: =INDEX(Parramatta!$F$5:$F$22,MATCH($A10,Parramatta!$A$5:$A$22,0))+INDEX(Bondi!$F$5:$F$22,MATCH($A10,Bondi!$A$5:$A$22,0))+INDEX(Chatswood!$F$5:$F$22,MATCH($A10,Chatswood!$A$5:$A$22,0))+INDEX(Newtown!$F$5:$F$22,MATCH($A10,Newtown!$A$5:$A$22,0))+INDEX(Penrith!$F$5:$F$22,MATCH($A10,Penrith!$A$5:$A$22,0)) -> 0 | K10: =I10+J10 -> 134 | L10: 134 | M10: =IF(L10="","",L10-I10) -> 0 | N10: =IF(L10="","not sold online",IF(M10>0,"overstated - oversell risk",IF(M10<0,"understated","in sync"))) -> in sync
A11: P007 | B11: Catnip Mouse Toy 3-pack | C11: Toys | D11: =INDEX(Parramatta!$E$5:$E$22,MATCH($A11,Parramatta!$A$5:$A$22,0)) -> 24 | E11: =INDEX(Bondi!$E$5:$E$22,MATCH($A11,Bondi!$A$5:$A$22,0)) -> 36 | F11: =INDEX(Chatswood!$E$5:$E$22,MATCH($A11,Chatswood!$A$5:$A$22,0)) -> 12 | G11: =INDEX(Newtown!$E$5:$E$22,MATCH($A11,Newtown!$A$5:$A$22,0)) -> 33 | H11: =INDEX(Penrith!$E$5:$E$22,MATCH($A11,Penrith!$A$5:$A$22,0)) -> 24 | I11: =SUM(D11:H11) -> 129 | J11: =INDEX(Parramatta!$F$5:$F$22,MATCH($A11,Parramatta!$A$5:$A$22,0))+INDEX(Bondi!$F$5:$F$22,MATCH($A11,Bondi!$A$5:$A$22,0))+INDEX(Chatswood!$F$5:$F$22,MATCH($A11,Chatswood!$A$5:$A$22,0))+INDEX(Newtown!$F$5:$F$22,MATCH($A11,Newtown!$A$5:$A$22,0))+INDEX(Penrith!$F$5:$F$22,MATCH($A11,Penrith!$A$5:$A$22,0)) -> 0 | K11: =I11+J11 -> 129 | L11: 129 | M11: =IF(L11="","",L11-I11) -> 0 | N11: =IF(L11="","not sold online",IF(M11>0,"overstated - oversell risk",IF(M11<0,"understated","in sync"))) -> in sync
A12: P008 | B12: Rope Tug Toy Large | C12: Toys | D12: =INDEX(Parramatta!$E$5:$E$22,MATCH($A12,Parramatta!$A$5:$A$22,0)) -> 15 | E12: =INDEX(Bondi!$E$5:$E$22,MATCH($A12,Bondi!$A$5:$A$22,0)) -> 12 | F12: =INDEX(Chatswood!$E$5:$E$22,MATCH($A12,Chatswood!$A$5:$A$22,0)) -> 12 | G12: =INDEX(Newtown!$E$5:$E$22,MATCH($A12,Newtown!$A$5:$A$22,0)) -> 8 | H12: =INDEX(Penrith!$E$5:$E$22,MATCH($A12,Penrith!$A$5:$A$22,0)) -> 12 | I12: =SUM(D12:H12) -> 59 | J12: =INDEX(Parramatta!$F$5:$F$22,MATCH($A12,Parramatta!$A$5:$A$22,0))+INDEX(Bondi!$F$5:$F$22,MATCH($A12,Bondi!$A$5:$A$22,0))+INDEX(Chatswood!$F$5:$F$22,MATCH($A12,Chatswood!$A$5:$A$22,0))+INDEX(Newtown!$F$5:$F$22,MATCH($A12,Newtown!$A$5:$A$22,0))+INDEX(Penrith!$F$5:$F$22,MATCH($A12,Penrith!$A$5:$A$22,0)) -> 1 | K12: =I12+J12 -> 60 | L12: 59 | M12: =IF(L12="","",L12-I12) -> 0 | N12: =IF(L12="","not sold online",IF(M12>0,"overstated - oversell risk",IF(M12<0,"understated","in sync"))) -> in sync
A13: P009 | B13: Squeaky Plush Duck | C13: Toys | D13: =INDEX(Parramatta!$E$5:$E$22,MATCH($A13,Parramatta!$A$5:$A$22,0)) -> 24 | E13: =INDEX(Bondi!$E$5:$E$22,MATCH($A13,Bondi!$A$5:$A$22,0)) -> 16 | F13: =INDEX(Chatswood!$E$5:$E$22,MATCH($A13,Chatswood!$A$5:$A$22,0)) -> 24 | G13: =INDEX(Newtown!$E$5:$E$22,MATCH($A13,Newtown!$A$5:$A$22,0)) -> 11 | H13: =INDEX(Penrith!$E$5:$E$22,MATCH($A13,Penrith!$A$5:$A$22,0)) -> 18 | I13: =SUM(D13:H13) -> 93 | J13: =INDEX(Parramatta!$F$5:$F$22,MATCH($A13,Parramatta!$A$5:$A$22,0))+INDEX(Bondi!$F$5:$F$22,MATCH($A13,Bondi!$A$5:$A$22,0))+INDEX(Chatswood!$F$5:$F$22,MATCH($A13,Chatswood!$A$5:$A$22,0))+INDEX(Newtown!$F$5:$F$22,MATCH($A13,Newtown!$A$5:$A$22,0))+INDEX(Penrith!$F$5:$F$22,MATCH($A13,Penrith!$A$5:$A$22,0)) -> 0 | K13: =I13+J13 -> 93 | L13: 93 | M13: =IF(L13="","",L13-I13) -> 0 | N13: =IF(L13="","not sold online",IF(M13>0,"overstated - oversell risk",IF(M13<0,"understated","in sync"))) -> in sync
A14: P010 | B14: Interactive Feather Wand | C14: Toys | D14: =INDEX(Parramatta!$E$5:$E$22,MATCH($A14,Parramatta!$A$5:$A$22,0)) -> 18 | E14: =INDEX(Bondi!$E$5:$E$22,MATCH($A14,Bondi!$A$5:$A$22,0)) -> 17 | F14: =INDEX(Chatswood!$E$5:$E$22,MATCH($A14,Chatswood!$A$5:$A$22,0)) -> 8 | G14: =INDEX(Newtown!$E$5:$E$22,MATCH($A14,Newtown!$A$5:$A$22,0)) -> 24 | H14: =INDEX(Penrith!$E$5:$E$22,MATCH($A14,Penrith!$A$5:$A$22,0)) -> 12 | I14: =SUM(D14:H14) -> 79 | J14: =INDEX(Parramatta!$F$5:$F$22,MATCH($A14,Parramatta!$A$5:$A$22,0))+INDEX(Bondi!$F$5:$F$22,MATCH($A14,Bondi!$A$5:$A$22,0))+INDEX(Chatswood!$F$5:$F$22,MATCH($A14,Chatswood!$A$5:$A$22,0))+INDEX(Newtown!$F$5:$F$22,MATCH($A14,Newtown!$A$5:$A$22,0))+INDEX(Penrith!$F$5:$F$22,MATCH($A14,Penrith!$A$5:$A$22,0)) -> 0 | K14: =I14+J14 -> 79 | L14: 79 | M14: =IF(L14="","",L14-I14) -> 0 | N14: =IF(L14="","not sold online",IF(M14>0,"overstated - oversell risk",IF(M14<0,"understated","in sync"))) -> in sync
A15: P011 | B15: Adjustable Nylon Dog Collar M | C15: Accessories | D15: =INDEX(Parramatta!$E$5:$E$22,MATCH($A15,Parramatta!$A$5:$A$22,0)) -> 12 | E15: =INDEX(Bondi!$E$5:$E$22,MATCH($A15,Bondi!$A$5:$A$22,0)) -> 12 | F15: =INDEX(Chatswood!$E$5:$E$22,MATCH($A15,Chatswood!$A$5:$A$22,0)) -> 18 | G15: =INDEX(Newtown!$E$5:$E$22,MATCH($A15,Newtown!$A$5:$A$22,0)) -> 4 | H15: =INDEX(Penrith!$E$5:$E$22,MATCH($A15,Penrith!$A$5:$A$22,0)) -> 12 | I15: =SUM(D15:H15) -> 58 | J15: =INDEX(Parramatta!$F$5:$F$22,MATCH($A15,Parramatta!$A$5:$A$22,0))+INDEX(Bondi!$F$5:$F$22,MATCH($A15,Bondi!$A$5:$A$22,0))+INDEX(Chatswood!$F$5:$F$22,MATCH($A15,Chatswood!$A$5:$A$22,0))+INDEX(Newtown!$F$5:$F$22,MATCH($A15,Newtown!$A$5:$A$22,0))+INDEX(Penrith!$F$5:$F$22,MATCH($A15,Penrith!$A$5:$A$22,0)) -> 0 | K15: =I15+J15 -> 58 | L15: 58 | M15: =IF(L15="","",L15-I15) -> 0 | N15: =IF(L15="","not sold online",IF(M15>0,"overstated - oversell risk",IF(M15<0,"understated","in sync"))) -> in sync
A16: P012 | B16: Retractable Dog Lead 5m | C16: Accessories | D16: =INDEX(Parramatta!$E$5:$E$22,MATCH($A16,Parramatta!$A$5:$A$22,0)) -> 7 | E16: =INDEX(Bondi!$E$5:$E$22,MATCH($A16,Bondi!$A$5:$A$22,0)) -> 8 | F16: =INDEX(Chatswood!$E$5:$E$22,MATCH($A16,Chatswood!$A$5:$A$22,0)) -> 12 | G16: =INDEX(Newtown!$E$5:$E$22,MATCH($A16,Newtown!$A$5:$A$22,0)) -> 4 | H16: =INDEX(Penrith!$E$5:$E$22,MATCH($A16,Penrith!$A$5:$A$22,0)) -> 8 | I16: =SUM(D16:H16) -> 39 | J16: =INDEX(Parramatta!$F$5:$F$22,MATCH($A16,Parramatta!$A$5:$A$22,0))+INDEX(Bondi!$F$5:$F$22,MATCH($A16,Bondi!$A$5:$A$22,0))+INDEX(Chatswood!$F$5:$F$22,MATCH($A16,Chatswood!$A$5:$A$22,0))+INDEX(Newtown!$F$5:$F$22,MATCH($A16,Newtown!$A$5:$A$22,0))+INDEX(Penrith!$F$5:$F$22,MATCH($A16,Penrith!$A$5:$A$22,0)) -> 0 | K16: =I16+J16 -> 39 | L16: 39 | M16: =IF(L16="","",L16-I16) -> 0 | N16: =IF(L16="","not sold online",IF(M16>0,"overstated - oversell risk",IF(M16<0,"understated","in sync"))) -> in sync
... A22: P018 | B22: Aquarium Starter Kit 40L | C22: Aquatics | D22: =INDEX(Parramatta!$E$5:$E$22,MATCH($A22,Parramatta!$A$5:$A$22,0)) -> 0 | E22: =INDEX(Bondi!$E$5:$E$22,MATCH($A22,Bondi!$A$5:$A$22,0)) -> 0 | F22: =INDEX(Chatswood!$E$5:$E$22,MATCH($A22,Chatswood!$A$5:$A$22,0)) -> 0 | G22: =INDEX(Newtown!$E$5:$E$22,MATCH($A22,Newtown!$A$5:$A$22,0)) -> 1 | H22: =INDEX(Penrith!$E$5:$E$22,MATCH($A22,Penrith!$A$5:$A$22,0)) -> 1 | I22: =SUM(D22:H22) -> 2 | J22: =INDEX(Parramatta!$F$5:$F$22,MATCH($A22,Parramatta!$A$5:$A$22,0))+INDEX(Bondi!$F$5:$F$22,MATCH($A22,Bondi!$A$5:$A$22,0))+INDEX(Chatswood!$F$5:$F$22,MATCH($A22,Chatswood!$A$5:$A$22,0))+INDEX(Newtown!$F$5:$F$22,MATCH($A22,Newtown!$A$5:$A$22,0))+INDEX(Penrith!$F$5:$F$22,MATCH($A22,Penrith!$A$5:$A$22,0)) -> 0 | K22: =I22+J22 -> 2 | L22: 2 | M22: =IF(L22="","",L22-I22) -> 0 | N22: =IF(L22="","not sold online",IF(M22>0,"overstated - oversell risk",IF(M22<0,"understated","in sync"))) -> in sync
A23: Total | D23: =SUM(D5:D22) -> 366 | E23: =SUM(E5:E22) -> 332 | F23: =SUM(F5:F22) -> 337 | G23: =SUM(G5:G22) -> 311 | H23: =SUM(H5:H22) -> 366 | I23: =SUM(I5:I22) -> 1712 | J23: =SUM(J5:J22) -> 5 | K23: =SUM(K5:K22) -> 1717 | ... M23: =SUM(M5:M22) -> 0
A25: Notes
A26: In store = on the shelf and free to sell. Reserved = held for online click-and-collect orders. Total on hand = in store + reserved.
A27: Website shows = the combined number the online store is currently showing (last sync, less online orders since). It is a value extracted from the database, not a formula.
A28: Website minus real = Website shows - Total in store. Positive: website overstates stock (oversell risk). Negative: website understates it. Zero: in sync.
A29: Low stock (store sheets) = 2 or fewer on the shelf. Store sheet quantities and prices are values extracted from the database; totals, on-hand and value columns are formulas.

Sheet Parramatta
A1: PetHaven Parramatta (S01) - stock as at 3 Oct 2026 16:10 (Sydney)
A2: Source: pethaven_demo database, view dw.rpt_current_stock_by_store (website numbers: dw.rpt_online_vs_actual), extracted 3 Oct 2026 16:10 (Sydney)
A4: Product code | B4: Product | C4: Category | D4: Unit price ($) | E4: In store | F4: Reserved | G4: Total on hand | H4: Stock value ($) | I4: Low stock | J4: Last change
A5: P001 | B5: Adult Dry Dog Food Chicken 3kg | C5: Food | D5: 39.95 | E5: 37 | F5: 0 | G5: =E5+F5 -> 37 | H5: =G5*D5 -> 1478.15 | I5: =IF(E5<=2,"LOW","") | J5: 2026-10-02 09:35
A6: P002 | B6: Puppy Dry Dog Food Lamb 3kg | C6: Food | D6: 42.95 | E6: 14 | F6: 0 | G6: =E6+F6 -> 14 | H6: =G6*D6 -> 601.3 | I6: =IF(E6<=2,"LOW","") | J6: 2026-10-01 10:30
A7: P003 | B7: Wet Cat Food Tuna 12-pack | C7: Food | D7: 18.5 | E7: 33 | F7: 0 | G7: =E7+F7 -> 33 | H7: =G7*D7 -> 610.5 | I7: =IF(E7<=2,"LOW","") | J7: 2026-09-29 10:05
A8: P004 | B8: Indoor Dry Cat Food 2kg | C8: Food | D8: 29.95 | E8: 18 | F8: 0 | G8: =E8+F8 -> 18 | H8: =G8*D8 -> 539.1 | I8: =IF(E8<=2,"LOW","") | J8: 2026-09-26 07:00
A9: P005 | B9: Grain-Free Dog Treats 500g | C9: Treats | D9: 14.95 | E9: 57 | F9: 0 | G9: =E9+F9 -> 57 | H9: =G9*D9 -> 852.15 | I9: =IF(E9<=2,"LOW","") | J9: 2026-09-28 09:20
A10: P006 | B10: Dental Chew Sticks 28-pack | C10: Treats | D10: 24.95 | E10: 29 | F10: 0 | G10: =E10+F10 -> 29 | H10: =G10*D10 -> 723.55 | I10: =IF(E10<=2,"LOW","") | J10: 2026-10-02 09:35
A11: P007 | B11: Catnip Mouse Toy 3-pack | C11: Toys | D11: 9.95 | E11: 24 | F11: 0 | G11: =E11+F11 -> 24 | H11: =G11*D11 -> 238.8 | I11: =IF(E11<=2,"LOW","") | J11: 2026-09-26 07:00
A12: P008 | B12: Rope Tug Toy Large | C12: Toys | D12: 16.95 | E12: 15 | F12: 1 | G12: =E12+F12 -> 16 | H12: =G12*D12 -> 271.2 | I12: =IF(E12<=2,"LOW","") | J12: 2026-10-02 21:10
A13: P009 | B13: Squeaky Plush Duck | C13: Toys | D13: 12.95 | E13: 24 | F13: 0 | G13: =E13+F13 -> 24 | H13: =G13*D13 -> 310.8 | I13: =IF(E13<=2,"LOW","") | J13: 2026-09-26 07:00
A14: P010 | B14: Interactive Feather Wand | C14: Toys | D14: 11.5 | E14: 18 | F14: 0 | G14: =E14+F14 -> 18 | H14: =G14*D14 -> 207 | I14: =IF(E14<=2,"LOW","") | J14: 2026-09-26 07:00
A15: P011 | B15: Adjustable Nylon Dog Collar M | C15: Accessories | D15: 19.95 | E15: 12 | F15: 0 | G15: =E15+F15 -> 12 | H15: =G15*D15 -> 239.4 | I15: =IF(E15<=2,"LOW","") | J15: 2026-09-26 07:00
A16: P012 | B16: Retractable Dog Lead 5m | C16: Accessories | D16: 34.95 | E16: 7 | F16: 0 | G16: =E16+F16 -> 7 | H16: =G16*D16 -> 244.65 | I16: =IF(E16<=2,"LOW","") | J16: 2026-09-27 09:42
... A22: P018 | B22: Aquarium Starter Kit 40L | C22: Aquatics | D22: 149 | E22: 0 | F22: 0 | G22: =E22+F22 -> 0 | H22: =G22*D22 -> 0 | I22: =IF(E22<=2,"LOW","") -> LOW | J22: 2026-09-30 10:10
A23: Total | E23: =SUM(E5:E22) -> 366 | F23: =SUM(F5:F22) -> 3 | G23: =SUM(G5:G22) -> 369 | H23: =SUM(H5:H22) -> 8856.7 | I23: =COUNTIF(I5:I22,"LOW")&" low" -> 2 low

Sheet Bondi
A1: PetHaven Bondi (S02) - stock as at 3 Oct 2026 16:10 (Sydney)
A2: Source: pethaven_demo database, view dw.rpt_current_stock_by_store (website numbers: dw.rpt_online_vs_actual), extracted 3 Oct 2026 16:10 (Sydney)
A4: Product code | B4: Product | C4: Category | D4: Unit price ($) | E4: In store | F4: Reserved | G4: Total on hand | H4: Stock value ($) | I4: Low stock | J4: Last change
A5: P001 | B5: Adult Dry Dog Food Chicken 3kg | C5: Food | D5: 39.95 | E5: 27 | F5: 0 | G5: =E5+F5 -> 27 | H5: =G5*D5 -> 1078.65 | I5: =IF(E5<=2,"LOW","") | J5: 2026-09-29 11:20
A6: P002 | B6: Puppy Dry Dog Food Lamb 3kg | C6: Food | D6: 42.95 | E6: 12 | F6: 0 | G6: =E6+F6 -> 12 | H6: =G6*D6 -> 515.4 | I6: =IF(E6<=2,"LOW","") | J6: 2026-09-26 07:00
A7: P003 | B7: Wet Cat Food Tuna 12-pack | C7: Food | D7: 18.5 | E7: 61 | F7: 0 | G7: =E7+F7 -> 61 | H7: =G7*D7 -> 1128.5 | I7: =IF(E7<=2,"LOW","") | J7: 2026-09-29 18:00
A8: P004 | B8: Indoor Dry Cat Food 2kg | C8: Food | D8: 29.95 | E8: 24 | F8: 0 | G8: =E8+F8 -> 24 | H8: =G8*D8 -> 718.8 | I8: =IF(E8<=2,"LOW","") | J8: 2026-09-26 07:00
A9: P005 | B9: Grain-Free Dog Treats 500g | C9: Treats | D9: 14.95 | E9: 36 | F9: 0 | G9: =E9+F9 -> 36 | H9: =G9*D9 -> 538.2 | I9: =IF(E9<=2,"LOW","") | J9: 2026-09-26 07:00
A10: P006 | B10: Dental Chew Sticks 28-pack | C10: Treats | D10: 24.95 | E10: 24 | F10: 0 | G10: =E10+F10 -> 24 | H10: =G10*D10 -> 598.8 | I10: =IF(E10<=2,"LOW","") | J10: 2026-09-26 07:00
A11: P007 | B11: Catnip Mouse Toy 3-pack | C11: Toys | D11: 9.95 | E11: 36 | F11: 0 | G11: =E11+F11 -> 36 | H11: =G11*D11 -> 358.2 | I11: =IF(E11<=2,"LOW","") | J11: 2026-09-26 07:00
A12: P008 | B12: Rope Tug Toy Large | C12: Toys | D12: 16.95 | E12: 12 | F12: 0 | G12: =E12+F12 -> 12 | H12: =G12*D12 -> 203.4 | I12: =IF(E12<=2,"LOW","") | J12: 2026-09-26 07:00
A13: P009 | B13: Squeaky Plush Duck | C13: Toys | D13: 12.95 | E13: 16 | F13: 0 | G13: =E13+F13 -> 16 | H13: =G13*D13 -> 207.2 | I13: =IF(E13<=2,"LOW","") | J13: 2026-09-28 10:55
A14: P010 | B14: Interactive Feather Wand | C14: Toys | D14: 11.5 | E14: 17 | F14: 0 | G14: =E14+F14 -> 17 | H14: =G14*D14 -> 195.5 | I14: =IF(E14<=2,"LOW","") | J14: 2026-09-28 10:55
A15: P011 | B15: Adjustable Nylon Dog Collar M | C15: Accessories | D15: 19.95 | E15: 12 | F15: 0 | G15: =E15+F15 -> 12 | H15: =G15*D15 -> 239.4 | I15: =IF(E15<=2,"LOW","") | J15: 2026-09-26 07:00
A16: P012 | B16: Retractable Dog Lead 5m | C16: Accessories | D16: 34.95 | E16: 8 | F16: 0 | G16: =E16+F16 -> 8 | H16: =G16*D16 -> 279.6 | I16: =IF(E16<=2,"LOW","") | J16: 2026-10-02 10:00
... A22: P018 | B22: Aquarium Starter Kit 40L | C22: Aquatics | D22: 149 | E22: 0 | F22: 0 | G22: =E22+F22 -> 0 | H22: =G22*D22 -> 0 | I22: =IF(E22<=2,"LOW","") -> LOW | J22: 2026-10-01 09:15
A23: Total | E23: =SUM(E5:E22) -> 332 | F23: =SUM(F5:F22) -> 0 | G23: =SUM(G5:G22) -> 332 | H23: =SUM(H5:H22) -> 7389.35 | I23: =COUNTIF(I5:I22,"LOW")&" low" -> 2 low

Sheet Chatswood
A1: PetHaven Chatswood (S03) - stock as at 3 Oct 2026 16:10 (Sydney)
A2: Source: pethaven_demo database, view dw.rpt_current_stock_by_store (website numbers: dw.rpt_online_vs_actual), extracted 3 Oct 2026 16:10 (Sydney)
A4: Product code | B4: Product | C4: Category | D4: Unit price ($) | E4: In store | F4: Reserved | G4: Total on hand | H4: Stock value ($) | I4: Low stock | J4: Last change
A5: P001 | B5: Adult Dry Dog Food Chicken 3kg | C5: Food | D5: 39.95 | E5: 53 | F5: 0 | G5: =E5+F5 -> 53 | H5: =G5*D5 -> 2117.35 | I5: =IF(E5<=2,"LOW","") | J5: 2026-10-02 06:20
A6: P002 | B6: Puppy Dry Dog Food Lamb 3kg | C6: Food | D6: 42.95 | E6: 20 | F6: 0 | G6: =E6+F6 -> 20 | H6: =G6*D6 -> 859 | I6: =IF(E6<=2,"LOW","") | J6: 2026-09-26 07:00
A7: P003 | B7: Wet Cat Food Tuna 12-pack | C7: Food | D7: 18.5 | E7: 30 | F7: 0 | G7: =E7+F7 -> 30 | H7: =G7*D7 -> 555 | I7: =IF(E7<=2,"LOW","") | J7: 2026-09-26 07:00
A8: P004 | B8: Indoor Dry Cat Food 2kg | C8: Food | D8: 29.95 | E8: 16 | F8: 2 | G8: =E8+F8 -> 18 | H8: =G8*D8 -> 539.1 | I8: =IF(E8<=2,"LOW","") | J8: 2026-10-02 19:45
A9: P005 | B9: Grain-Free Dog Treats 500g | C9: Treats | D9: 14.95 | E9: 44 | F9: 0 | G9: =E9+F9 -> 44 | H9: =G9*D9 -> 657.8 | I9: =IF(E9<=2,"LOW","") | J9: 2026-09-27 13:05
A10: P006 | B10: Dental Chew Sticks 28-pack | C10: Treats | D10: 24.95 | E10: 29 | F10: 0 | G10: =E10+F10 -> 29 | H10: =G10*D10 -> 723.55 | I10: =IF(E10<=2,"LOW","") | J10: 2026-10-01 17:00
A11: P007 | B11: Catnip Mouse Toy 3-pack | C11: Toys | D11: 9.95 | E11: 12 | F11: 0 | G11: =E11+F11 -> 12 | H11: =G11*D11 -> 119.4 | I11: =IF(E11<=2,"LOW","") | J11: 2026-09-26 07:00
A12: P008 | B12: Rope Tug Toy Large | C12: Toys | D12: 16.95 | E12: 12 | F12: 0 | G12: =E12+F12 -> 12 | H12: =G12*D12 -> 203.4 | I12: =IF(E12<=2,"LOW","") | J12: 2026-09-26 07:00
A13: P009 | B13: Squeaky Plush Duck | C13: Toys | D13: 12.95 | E13: 24 | F13: 0 | G13: =E13+F13 -> 24 | H13: =G13*D13 -> 310.8 | I13: =IF(E13<=2,"LOW","") | J13: 2026-09-26 07:00
A14: P010 | B14: Interactive Feather Wand | C14: Toys | D14: 11.5 | E14: 8 | F14: 0 | G14: =E14+F14 -> 8 | H14: =G14*D14 -> 92 | I14: =IF(E14<=2,"LOW","") | J14: 2026-10-02 12:15
A15: P011 | B15: Adjustable Nylon Dog Collar M | C15: Accessories | D15: 19.95 | E15: 18 | F15: 0 | G15: =E15+F15 -> 18 | H15: =G15*D15 -> 359.1 | I15: =IF(E15<=2,"LOW","") | J15: 2026-09-26 07:00
A16: P012 | B16: Retractable Dog Lead 5m | C16: Accessories | D16: 34.95 | E16: 12 | F16: 0 | G16: =E16+F16 -> 12 | H16: =G16*D16 -> 419.4 | I16: =IF(E16<=2,"LOW","") | J16: 2026-09-26 07:00
... A22: P018 | B22: Aquarium Starter Kit 40L | C22: Aquatics | D22: 149 | E22: 0 | F22: 0 | G22: =E22+F22 -> 0 | H22: =G22*D22 -> 0 | I22: =IF(E22<=2,"LOW","") -> LOW | J22: 2026-09-30 11:35
A23: Total | E23: =SUM(E5:E22) -> 337 | F23: =SUM(F5:F22) -> 2 | G23: =SUM(G5:G22) -> 339 | H23: =SUM(H5:H22) -> 8998.1 | I23: =COUNTIF(I5:I22,"LOW")&" low" -> 1 low

Sheet Newtown
A1: PetHaven Newtown (S04) - stock as at 3 Oct 2026 16:10 (Sydney)
A2: Source: pethaven_demo database, view dw.rpt_current_stock_by_store (website numbers: dw.rpt_online_vs_actual), extracted 3 Oct 2026 16:10 (Sydney)
A4: Product code | B4: Product | C4: Category | D4: Unit price ($) | E4: In store | F4: Reserved | G4: Total on hand | H4: Stock value ($) | I4: Low stock | J4: Last change
A5: P001 | B5: Adult Dry Dog Food Chicken 3kg | C5: Food | D5: 39.95 | E5: 20 | F5: 0 | G5: =E5+F5 -> 20 | H5: =G5*D5 -> 799 | I5: =IF(E5<=2,"LOW","") | J5: 2026-09-26 07:00
A6: P002 | B6: Puppy Dry Dog Food Lamb 3kg | C6: Food | D6: 42.95 | E6: 20 | F6: 0 | G6: =E6+F6 -> 20 | H6: =G6*D6 -> 859 | I6: =IF(E6<=2,"LOW","") | J6: 2026-09-29 06:45
A7: P003 | B7: Wet Cat Food Tuna 12-pack | C7: Food | D7: 18.5 | E7: 44 | F7: 0 | G7: =E7+F7 -> 44 | H7: =G7*D7 -> 814 | I7: =IF(E7<=2,"LOW","") | J7: 2026-09-29 15:15
A8: P004 | B8: Indoor Dry Cat Food 2kg | C8: Food | D8: 29.95 | E8: 28 | F8: 0 | G8: =E8+F8 -> 28 | H8: =G8*D8 -> 838.6 | I8: =IF(E8<=2,"LOW","") | J8: 2026-09-28 14:25
A9: P005 | B9: Grain-Free Dog Treats 500g | C9: Treats | D9: 14.95 | E9: 33 | F9: 0 | G9: =E9+F9 -> 33 | H9: =G9*D9 -> 493.35 | I9: =IF(E9<=2,"LOW","") | J9: 2026-10-01 15:30
A10: P006 | B10: Dental Chew Sticks 28-pack | C10: Treats | D10: 24.95 | E10: 18 | F10: 0 | G10: =E10+F10 -> 18 | H10: =G10*D10 -> 449.1 | I10: =IF(E10<=2,"LOW","") | J10: 2026-09-26 07:00
A11: P007 | B11: Catnip Mouse Toy 3-pack | C11: Toys | D11: 9.95 | E11: 33 | F11: 0 | G11: =E11+F11 -> 33 | H11: =G11*D11 -> 328.35 | I11: =IF(E11<=2,"LOW","") | J11: 2026-10-02 14:05
A12: P008 | B12: Rope Tug Toy Large | C12: Toys | D12: 16.95 | E12: 8 | F12: 0 | G12: =E12+F12 -> 8 | H12: =G12*D12 -> 135.6 | I12: =IF(E12<=2,"LOW","") | J12: 2026-09-26 07:00
A13: P009 | B13: Squeaky Plush Duck | C13: Toys | D13: 12.95 | E13: 11 | F13: 0 | G13: =E13+F13 -> 11 | H13: =G13*D13 -> 142.45 | I13: =IF(E13<=2,"LOW","") | J13: 2026-09-29 15:15
A14: P010 | B14: Interactive Feather Wand | C14: Toys | D14: 11.5 | E14: 24 | F14: 0 | G14: =E14+F14 -> 24 | H14: =G14*D14 -> 276 | I14: =IF(E14<=2,"LOW","") | J14: 2026-09-26 07:00
A15: P011 | B15: Adjustable Nylon Dog Collar M | C15: Accessories | D15: 19.95 | E15: 4 | F15: 0 | G15: =E15+F15 -> 4 | H15: =G15*D15 -> 79.8 | I15: =IF(E15<=2,"LOW","") | J15: 2026-09-30 14:20
A16: P012 | B16: Retractable Dog Lead 5m | C16: Accessories | D16: 34.95 | E16: 4 | F16: 0 | G16: =E16+F16 -> 4 | H16: =G16*D16 -> 139.8 | I16: =IF(E16<=2,"LOW","") | J16: 2026-09-26 07:00
... A22: P018 | B22: Aquarium Starter Kit 40L | C22: Aquatics | D22: 149 | E22: 1 | F22: 0 | G22: =E22+F22 -> 1 | H22: =G22*D22 -> 149 | I22: =IF(E22<=2,"LOW","") -> LOW | J22: 2026-09-26 07:00
A23: Total | E23: =SUM(E5:E22) -> 311 | F23: =SUM(F5:F22) -> 0 | G23: =SUM(G5:G22) -> 311 | H23: =SUM(H5:H22) -> 7125.95 | I23: =COUNTIF(I5:I22,"LOW")&" low" -> 3 low

Sheet Penrith
A1: PetHaven Penrith (S05) - stock as at 3 Oct 2026 16:10 (Sydney)
A2: Source: pethaven_demo database, view dw.rpt_current_stock_by_store (website numbers: dw.rpt_online_vs_actual), extracted 3 Oct 2026 16:10 (Sydney)
A4: Product code | B4: Product | C4: Category | D4: Unit price ($) | E4: In store | F4: Reserved | G4: Total on hand | H4: Stock value ($) | I4: Low stock | J4: Last change
A5: P001 | B5: Adult Dry Dog Food Chicken 3kg | C5: Food | D5: 39.95 | E5: 46 | F5: 0 | G5: =E5+F5 -> 46 | H5: =G5*D5 -> 1837.7 | I5: =IF(E5<=2,"LOW","") | J5: 2026-09-29 17:30
A6: P002 | B6: Puppy Dry Dog Food Lamb 3kg | C6: Food | D6: 42.95 | E6: 23 | F6: 0 | G6: =E6+F6 -> 23 | H6: =G6*D6 -> 987.85 | I6: =IF(E6<=2,"LOW","") | J6: 2026-09-28 16:40
A7: P003 | B7: Wet Cat Food Tuna 12-pack | C7: Food | D7: 18.5 | E7: 24 | F7: 0 | G7: =E7+F7 -> 24 | H7: =G7*D7 -> 444 | I7: =IF(E7<=2,"LOW","") | J7: 2026-09-26 07:00
A8: P004 | B8: Indoor Dry Cat Food 2kg | C8: Food | D8: 29.95 | E8: 12 | F8: 0 | G8: =E8+F8 -> 12 | H8: =G8*D8 -> 359.4 | I8: =IF(E8<=2,"LOW","") | J8: 2026-09-26 07:00
A9: P005 | B9: Grain-Free Dog Treats 500g | C9: Treats | D9: 14.95 | E9: 60 | F9: 0 | G9: =E9+F9 -> 60 | H9: =G9*D9 -> 897 | I9: =IF(E9<=2,"LOW","") | J9: 2026-09-26 07:00
A10: P006 | B10: Dental Chew Sticks 28-pack | C10: Treats | D10: 24.95 | E10: 34 | F10: 0 | G10: =E10+F10 -> 34 | H10: =G10*D10 -> 848.3 | I10: =IF(E10<=2,"LOW","") | J10: 2026-09-29 17:30
A11: P007 | B11: Catnip Mouse Toy 3-pack | C11: Toys | D11: 9.95 | E11: 24 | F11: 0 | G11: =E11+F11 -> 24 | H11: =G11*D11 -> 238.8 | I11: =IF(E11<=2,"LOW","") | J11: 2026-09-26 07:00
A12: P008 | B12: Rope Tug Toy Large | C12: Toys | D12: 16.95 | E12: 12 | F12: 0 | G12: =E12+F12 -> 12 | H12: =G12*D12 -> 203.4 | I12: =IF(E12<=2,"LOW","") | J12: 2026-09-30 16:05
A13: P009 | B13: Squeaky Plush Duck | C13: Toys | D13: 12.95 | E13: 18 | F13: 0 | G13: =E13+F13 -> 18 | H13: =G13*D13 -> 233.1 | I13: =IF(E13<=2,"LOW","") | J13: 2026-09-26 07:00
A14: P010 | B14: Interactive Feather Wand | C14: Toys | D14: 11.5 | E14: 12 | F14: 0 | G14: =E14+F14 -> 12 | H14: =G14*D14 -> 138 | I14: =IF(E14<=2,"LOW","") | J14: 2026-09-26 07:00
A15: P011 | B15: Adjustable Nylon Dog Collar M | C15: Accessories | D15: 19.95 | E15: 12 | F15: 0 | G15: =E15+F15 -> 12 | H15: =G15*D15 -> 239.4 | I15: =IF(E15<=2,"LOW","") | J15: 2026-09-26 07:00
A16: P012 | B16: Retractable Dog Lead 5m | C16: Accessories | D16: 34.95 | E16: 8 | F16: 0 | G16: =E16+F16 -> 8 | H16: =G16*D16 -> 279.6 | I16: =IF(E16<=2,"LOW","") | J16: 2026-09-26 07:00
... A22: P018 | B22: Aquarium Starter Kit 40L | C22: Aquatics | D22: 149 | E22: 1 | F22: 0 | G22: =E22+F22 -> 1 | H22: =G22*D22 -> 149 | I22: =IF(E22<=2,"LOW","") -> LOW | J22: 2026-09-26 07:00
A23: Total | E23: =SUM(E5:E22) -> 366 | F23: =SUM(F5:F22) -> 0 | G23: =SUM(G5:G22) -> 366 | H23: =SUM(H5:H22) -> 9153.6 | I23: =COUNTIF(I5:I22,"LOW")&" low" -> 2 low
